{"train_logs": {"epoch": 49, "status": "train", "loss": 0.12506119752831665, "accuracy": [0.9726, 0.9370656370656371, 0.9716840536512668, 0.9122302158273381, 0.8833333333333333, 0.8823529411764706, 0.9690721649484536, 0.9019607843137255]}, "_timestamp": 1711664095.6721892, "_runtime": 10977.677874326706, "_step": 149, "val_logs": {"epoch": 49, "status": "val", "loss": 3.1970819447721754, "accuracy": [0.86, 0.84, 0.62, 0.4, 0.38, 0.32, 0.7, 0.18]}, "test_logs": {"epoch": 49, "status": "test", "loss": 3.1868445598162136, "accuracy": [0.81, 0.75, 0.83, 0.29, 0.44, 0.19, 0.65, 0.19]}, "_wandb": {"runtime": 10976}}