{"train_logs": {"epoch": 49, "status": "train", "loss": 0.34839390576989565, "accuracy": [0.8314, 0.7231660231660232, 0.8695976154992549, 0.823021582733813, 0.9138888888888889, 0.9251336898395722, 1.0, 1.0]}, "_timestamp": 1711714392.9418492, "_runtime": 11022.92221212387, "_step": 149, "val_logs": {"epoch": 49, "status": "val", "loss": 2.265683250767844, "accuracy": [0.86, 0.64, 0.86, 0.52, 0.56, 0.46, 0.74, 0.3]}, "test_logs": {"epoch": 49, "status": "test", "loss": 2.4233849461262045, "accuracy": [0.77, 0.61, 0.83, 0.42, 0.35, 0.35, 0.74, 0.34]}, "_wandb": {"runtime": 11022}}