{"train_logs": {"epoch": 0, "status": "train", "loss": 1.6273924870255552, "accuracy": [0.406957928802589, 0.43898573692551507, 0.21064814814814814, 0.14296814296814297, 0.5128205128205128, 0.22119815668202766, 0.7987758224942617, 0.42496171516079634]}, "_timestamp": 1711666106.8626728, "_runtime": 316.52670073509216, "_step": 0, "_wandb": {"runtime": 315}}