{"train_logs": {"epoch": 49, "status": "train", "loss": 0.13248163813518155, "accuracy": [0.8649068322981367, 0.8601662887377173, 0.9644874899112187, 0.9580745341614907, 0.9829192546583851, 0.9872084273890143, 0.9992429977289932, 0.9975922953451043]}, "_timestamp": 1711675367.9095058, "_runtime": 9113.52639079094, "_step": 149, "val_logs": {"epoch": 49, "status": "val", "loss": 3.0028424859046936, "accuracy": [0.88, 0.7, 0.82, 0.48, 0.54, 0.46, 0.64, 0.3]}, "test_logs": {"epoch": 49, "status": "test", "loss": 2.9319393451397238, "accuracy": [0.76, 0.65, 0.81, 0.29, 0.5, 0.38, 0.7, 0.37]}, "_wandb": {"runtime": 9108}}